{
    "Logistic Regression": {
        "accuracy": 1.0,
        "precision": 1.0,
        "recall": 1.0,
        "f1_score": 1.0
    },
    "Random Forest": {
        "accuracy": 0.9733333333333334,
        "precision": 0.9754666666666666,
        "recall": 0.9733333333333334,
        "f1_score": 0.9732828282828283
    },
    "Gradient Boosting": {
        "accuracy": 0.92,
        "precision": 0.92,
        "recall": 0.92,
        "f1_score": 0.92
    },
    "SVM": {
        "accuracy": 1.0,
        "precision": 1.0,
        "recall": 1.0,
        "f1_score": 1.0
    },
    "KNN": {
        "accuracy": 0.9466666666666667,
        "precision": 0.9545679012345679,
        "recall": 0.9466666666666667,
        "f1_score": 0.9462603174603175
    }
}